"original_model_model;""scaled_model_id""",original_model_model,scaled_model_id,,,,,,,,,
085.06.0082;18742,085.06.0082,18742,"""",""" ","""18742"" ","18742,",",","18742:""085.06.0082"" ,",,,"[18742,18805,18803,18637,18638,18640,18641,18642,18644,18645,18646,18647,18648,18649,18650,18652,18654,18655,18656,18658,18659,18660,18661,18662,18663,18664,18701,18702,18703,18704,18705,18706,18707,18708,18709,18710,18711,18712,18713,18714,18715,18716,18717,18718,18735,18739,18786,18787,18789,18793,18804,18798,18740,18741,18751,18743,18745,18757,18752,18756,18755,18759,18760,18754,18761,18772,18773,18782,18774,18758,18775,18794,18776,18790,18777,18753,18762,18763,18764,18720,18721,18723,18725,18726,18727,18728,18729,18730,18731,18732,18733,18734,18736,18737,18738,18747,18748,18973,18749,18768,18769,18778,18770,18771,18780,18781,18795,18806,18801,18802,18666,18667,18668,18669,18670,18671,18672,18673,18674,18675,18676,18677,18678,18679,18680,18681,18682,18683,18685,18686,18687,18688,18689,18690,18692,18693,18695,18696,18697,18698,18700,18750,18767,18784,18785,18792,18746,18779,18765,18766,18783,18791,18796,18797,18799,18800,18807,18808,18809,18635,18657,18665,18684,18691,18699,18719,18724,18788,18812,18813,18814,18815,18816,18817,18818,18819,18820,18821,18822,18823,18824,18825,18826,18827,18828,18829,18830,18694,18722,18633,18744,18832,18928,18932,18934,18974,18936,18937,18938,18939,18940,18943,18944,18945,18946,18948,18951,18952,18953,18954,18955,18956,18957,18958,18959,18960,18961,18962,18949,18931,18930,18941,18942,18933,18929,18935,18947,18963,18964,18965,18966,18967,18968,18969,18970,18972,18975,18976,18977,18978,18979,18980]"
orange juice jug;18805,orange juice jug,18805,"""",""" ","""18805"" ","18805,",",","18805:""orange juice jug"" ,",,,
shaving_foam_can_small;18803,shaving_foam_can_small,18803,"""",""" ","""18803"" ","18803,",",","18803:""shaving_foam_can_small"" ,",,,
001.324.25;18637,001.324.25,18637,"""",""" ","""18637"" ","18637,",",","18637:""001.324.25"" ,",,,"{18742:""085.06.0082"" , 18805:""orange juice jug"" , 18803:""shaving_foam_can_small"" , 18637:""001.324.25"" , 18638:""001.324.49"" , 18640:""001.334.82"" , 18641:""100.151.24"" , 18642:""100.302.09"" , 18644:""100.919.00-saucer"" , 18645:""100.919.00-cup"" , 18646:""100.922.16"" , 18647:""101.236.56-saucer"" , 18648:""101.236.56-cup"" , 18649:""101.328.92"" , 18650:""200.572.55"" , 18652:""200.847.15"" , 18654:""300.834.71"" , 18655:""200.921.07"" , 18656:""201.327.78"" , 18658:""201.323.68"" , 18659:""201.324.48"" , 18660:""201.416.26saucer"" , 18661:""201.416.26cup"" , 18662:""300.151.23"" , 18663:""300.631.28saucer"" , 18664:""300.63.28cup"" , 18701:""301.333.91saucer"" , 18702:""301.333.91cup"" , 18703:""401.324.52"" , 18704:""401.463.45"" , 18705:""501.161.78"" , 18706:""600.572.58"" , 18707:""600.632.97"" , 18708:""600.817.34"" , 18709:""600.832.62sm"" , 18710:""600.832.62lrg"" , 18711:""601.317.05"" , 18712:""700.580.64"" , 18713:""701.323.99saucer"" , 18714:""701.323.99cup"" , 18715:""701.333.94cup"" , 18716:""800.817.33"" , 18717:""800.921.09"" , 18718:""800.921.14"" , 18735:""200.01.0168"" , 18739:""200.01.0426-brown-smallest"" , 18786:""242.11.4180"" , 18787:""242.07.2123"" , 18789:""242.09.6219-pitcher"" , 18793:""242.02.5746"" , 18804:""red_mug"" , 18798:""tennis_ball_can"" , 18740:""9099KCAB"" , 18741:""GC180AW"" , 18751:""tilex_spray"" , 18743:""Atlantis"" , 18745:""fructis_shampoo_bottle"" , 18757:""Tide"" , 18752:""Pantene"" , 18756:""Arm & Hammer"" , 18755:""Mop&Glo"" , 18759:""clorox"" , 18760:""all"" , 18754:""CR-6000"" , 18761:""OB36/OB03"" , 18772:""megabloks1x3_tall_yellow"" , 18773:""megabloks1x4_short_blue"" , 18782:""kleenex_box"" , 18774:""megabloks1x4_tall_red"" , 18758:""Downy ultra"" , 18775:""megabloks2x2_tall_blue"" , 18794:""simple_green"" , 18776:""megabloks2x4_yellow"" , 18790:""sterile_pads"" , 18777:""megabloks_single_yellow"" , 18753:""Pledge"" , 18762:""milk-1gal"" , 18763:""orange_juice"" , 18764:""All-small"" , 18720:""900.444.86cup"" , 18721:""901.163.79"" , 18723:""200.03.1152"" , 18725:""200.01.3598"" , 18726:""200.01.3345"" , 18727:""200.01.3346"" , 18728:""200.01.3477"" , 18729:""200.01.0773"" , 18730:""200.01.0169"" , 18731:""200.01.0422"" , 18732:""200.01.4266"" , 18733:""200.01.0271"" , 18734:""200.01.3463"" , 18736:""200.01.0426-green-large"" , 18737:""200.01.0426-orange-med"" , 18738:""200.01.0426-blue-small"" , 18747:""solo_plastic_bowl"" , 18748:""solo_plastic_cup"" , 18973:""big_plate"" , 18749:""dixie_paper_bowl"" , 18768:""milk-carton"" , 18769:""megabloks1x2_countour_yellow"" , 18778:""megabloks2x2_short_red"" , 18770:""megabloks1x2_short_yellow"" , 18771:""megabloks1x2_tall_green"" , 18780:""Oatmeal_crisp"" , 18781:""shredded_wheat"" , 18795:""power_scissors"" , 18806:""organic chai"" , 18801:""Dove_bar"" , 18802:""hydrogen_peroxide_bottle"" , 18666:""000.921.13"" , 18667:""001.172.98"" , 18668:""001.327.79"" , 18669:""100.572.51"" , 18670:""200.580.66"" , 18671:""200.919.28"" , 18672:""210.327.78"" , 18673:""300.814.67"" , 18674:""300.919.23"" , 18675:""301.334.90"" , 18676:""400.580.65"" , 18677:""401.376.90"" , 18678:""401.431.44"" , 18679:""463.156.00"" , 18680:""500.151.22"" , 18681:""500.302.12"" , 18682:""500.312.83"" , 18683:""500.919.41"" , 18685:""501.245.12"" , 18686:""501.330.69"" , 18687:""601.349.35"" , 18688:""700.302.11"" , 18689:""701.330.68"" , 18690:""763.305.00"" , 18692:""800.919.49"" , 18693:""801.327.80"" , 18695:""801.348.21"" , 18696:""801.463.53"" , 18697:""901.256.99"" , 18698:""901.317.04"" , 18700:""963.111.00"" , 18750:""VF_papaer_bowl"" , 18767:""Country_Crock15"" , 18784:""242.07.6610"" , 18785:""242.07.6602"" , 18792:""travel_mug"" , 18746:""mach3_gel"" , 18779:""odwalla_bottle"" , 18765:""coffee-mate"" , 18766:""suave-kids-3in1"" , 18783:""izze_can"" , 18791:""v8_bottle"" , 18796:""Chaibaby_tea"" , 18797:""rishi_tea_jas"" , 18799:""Clearasil_jar"" , 18800:""contact lens cleaner"" , 18807:""campbell_soup_can"" , 18808:""campbell_soup_handheld"" , 18809:""cylinder_radius_0.02785_height_0.315"" , 18635:""000.919.29"" , 18657:""301.290.30"" , 18665:""000.580.67"" , 18684:""501.161.83"" , 18691:""800.572.57"" , 18699:""901.334.73"" , 18719:""900.444.86saucer"" , 18724:""200.03.1301"" , 18788:""242.09.6219-glass"" , 18812:""book"" , 18813:""cell_phone"" , 18814:""cordless_phone"" , 18815:""fork"" , 18816:""eyeglasses"" , 18817:""lighter"" , 18818:""medicine_pill"" , 18819:""mug"" , 18820:""pen"" , 18821:""prescription_bottle"" , 18822:""soap"" , 18823:""spoon"" , 18824:""straw"" , 18825:""toothbrush"" , 18826:""toothpaste"" , 18827:""tv_remote"" , 18828:""walking_cane"" , 18829:""wallet"" , 18830:""wrist_watch"" , 18694:""801.334.78"" , 18722:""901.125.07"" , 18633:""sports water bottle"" , 18744:""Coke_classic"" , 18832:""plate"" , 18928:""Amys bowls country cheddar"" , 18932:""face mug someother"" , 18934:""hotel card"" , 18974:""little_bowl"" , 18936:""Mop and Glo"" , 18937:""Nantucket Watermelon Strawberry"" , 18938:""Nature's Path Organic Peanut Butter Granola"" , 18939:""Oi Ocha"" , 18940:""Remote Control"" , 18943:""ROS PHD Comic"" , 18944:""soup spaghettio"" , 18945:""sphaghetti"" , 18946:""Tecate"" , 18948:""Trader Joe's Paneer Tikka Masala"" , 18951:""sour cream"" , 18952:""small cup"" , 18953:""tall glass"" , 18954:""boss bottle"" , 18955:""valentino ball"" , 18956:""wine glass"" , 18957:""boss box"" , 18958:""yellow cup"" , 18959:""small glass"" , 18960:""curved bottle"" , 18961:""small mug"" , 18962:""glass bowl"" , 18949:""ziplock"" , 18931:""Eggo"" , 18930:""Egg Carton"" , 18941:""Robot Cards"" , 18942:""Robot Power"" , 18933:""Honey Bunches"" , 18929:""Clorox"" , 18935:""Mini Mouse Bank"" , 18947:""Tide 2x"" , 18963:""arm and hammer"" , 18964:""black pepper"" , 18965:""french's mustard"" , 18966:""pledge"" , 18967:""woolite"" , 18968:""Bon Ami"" , 18969:""Pam"" , 18970:""Kona Coffee Can"" , 18972:""big_bowl"" , 18975:""little_sushi_bowl"" , 18976:""big_sushi_bowl"" , 18977:""little_sushi_cup"" , 18978:""big_sushi_cup"" , 18979:""little_sushi_plate"" , 18980:""big_sushi_plate"" }"
001.324.49;18638,001.324.49,18638,"""",""" ","""18638"" ","18638,",",","18638:""001.324.49"" ,",,,
001.334.82;18640,001.334.82,18640,"""",""" ","""18640"" ","18640,",",","18640:""001.334.82"" ,",,,
100.151.24;18641,100.151.24,18641,"""",""" ","""18641"" ","18641,",",","18641:""100.151.24"" ,",,,
100.302.09;18642,100.302.09,18642,"""",""" ","""18642"" ","18642,",",","18642:""100.302.09"" ,",,,
100.919.00-saucer;18644,100.919.00-saucer,18644,"""",""" ","""18644"" ","18644,",",","18644:""100.919.00-saucer"" ,",,,
100.919.00-cup;18645,100.919.00-cup,18645,"""",""" ","""18645"" ","18645,",",","18645:""100.919.00-cup"" ,",,,
100.922.16;18646,100.922.16,18646,"""",""" ","""18646"" ","18646,",",","18646:""100.922.16"" ,",,,
101.236.56-saucer;18647,101.236.56-saucer,18647,"""",""" ","""18647"" ","18647,",",","18647:""101.236.56-saucer"" ,",,,
101.236.56-cup;18648,101.236.56-cup,18648,"""",""" ","""18648"" ","18648,",",","18648:""101.236.56-cup"" ,",,,
101.328.92;18649,101.328.92,18649,"""",""" ","""18649"" ","18649,",",","18649:""101.328.92"" ,",,,
200.572.55;18650,200.572.55,18650,"""",""" ","""18650"" ","18650,",",","18650:""200.572.55"" ,",,,
200.847.15;18652,200.847.15,18652,"""",""" ","""18652"" ","18652,",",","18652:""200.847.15"" ,",,,
300.834.71;18654,300.834.71,18654,"""",""" ","""18654"" ","18654,",",","18654:""300.834.71"" ,",,,
200.921.07;18655,200.921.07,18655,"""",""" ","""18655"" ","18655,",",","18655:""200.921.07"" ,",,,
201.327.78;18656,201.327.78,18656,"""",""" ","""18656"" ","18656,",",","18656:""201.327.78"" ,",,,
201.323.68;18658,201.323.68,18658,"""",""" ","""18658"" ","18658,",",","18658:""201.323.68"" ,",,,
201.324.48;18659,201.324.48,18659,"""",""" ","""18659"" ","18659,",",","18659:""201.324.48"" ,",,,
201.416.26saucer;18660,201.416.26saucer,18660,"""",""" ","""18660"" ","18660,",",","18660:""201.416.26saucer"" ,",,,
201.416.26cup;18661,201.416.26cup,18661,"""",""" ","""18661"" ","18661,",",","18661:""201.416.26cup"" ,",,,
300.151.23;18662,300.151.23,18662,"""",""" ","""18662"" ","18662,",",","18662:""300.151.23"" ,",,,
300.631.28saucer;18663,300.631.28saucer,18663,"""",""" ","""18663"" ","18663,",",","18663:""300.631.28saucer"" ,",,,
300.63.28cup;18664,300.63.28cup,18664,"""",""" ","""18664"" ","18664,",",","18664:""300.63.28cup"" ,",,,
301.333.91saucer;18701,301.333.91saucer,18701,"""",""" ","""18701"" ","18701,",",","18701:""301.333.91saucer"" ,",,,
301.333.91cup;18702,301.333.91cup,18702,"""",""" ","""18702"" ","18702,",",","18702:""301.333.91cup"" ,",,,
401.324.52;18703,401.324.52,18703,"""",""" ","""18703"" ","18703,",",","18703:""401.324.52"" ,",,,
401.463.45;18704,401.463.45,18704,"""",""" ","""18704"" ","18704,",",","18704:""401.463.45"" ,",,,
501.161.78;18705,501.161.78,18705,"""",""" ","""18705"" ","18705,",",","18705:""501.161.78"" ,",,,
600.572.58;18706,600.572.58,18706,"""",""" ","""18706"" ","18706,",",","18706:""600.572.58"" ,",,,
600.632.97;18707,600.632.97,18707,"""",""" ","""18707"" ","18707,",",","18707:""600.632.97"" ,",,,
600.817.34;18708,600.817.34,18708,"""",""" ","""18708"" ","18708,",",","18708:""600.817.34"" ,",,,
600.832.62sm;18709,600.832.62sm,18709,"""",""" ","""18709"" ","18709,",",","18709:""600.832.62sm"" ,",,,
600.832.62lrg;18710,600.832.62lrg,18710,"""",""" ","""18710"" ","18710,",",","18710:""600.832.62lrg"" ,",,,
601.317.05;18711,601.317.05,18711,"""",""" ","""18711"" ","18711,",",","18711:""601.317.05"" ,",,,
700.580.64;18712,700.580.64,18712,"""",""" ","""18712"" ","18712,",",","18712:""700.580.64"" ,",,,
701.323.99saucer;18713,701.323.99saucer,18713,"""",""" ","""18713"" ","18713,",",","18713:""701.323.99saucer"" ,",,,
701.323.99cup;18714,701.323.99cup,18714,"""",""" ","""18714"" ","18714,",",","18714:""701.323.99cup"" ,",,,
701.333.94cup;18715,701.333.94cup,18715,"""",""" ","""18715"" ","18715,",",","18715:""701.333.94cup"" ,",,,
800.817.33;18716,800.817.33,18716,"""",""" ","""18716"" ","18716,",",","18716:""800.817.33"" ,",,,
800.921.09;18717,800.921.09,18717,"""",""" ","""18717"" ","18717,",",","18717:""800.921.09"" ,",,,
800.921.14;18718,800.921.14,18718,"""",""" ","""18718"" ","18718,",",","18718:""800.921.14"" ,",,,
200.01.0168;18735,200.01.0168,18735,"""",""" ","""18735"" ","18735,",",","18735:""200.01.0168"" ,",,,
200.01.0426-brown-smallest;18739,200.01.0426-brown-smallest,18739,"""",""" ","""18739"" ","18739,",",","18739:""200.01.0426-brown-smallest"" ,",,,
242.11.4180;18786,242.11.4180,18786,"""",""" ","""18786"" ","18786,",",","18786:""242.11.4180"" ,",,,
242.07.2123;18787,242.07.2123,18787,"""",""" ","""18787"" ","18787,",",","18787:""242.07.2123"" ,",,,
242.09.6219-pitcher;18789,242.09.6219-pitcher,18789,"""",""" ","""18789"" ","18789,",",","18789:""242.09.6219-pitcher"" ,",,,
242.02.5746;18793,242.02.5746,18793,"""",""" ","""18793"" ","18793,",",","18793:""242.02.5746"" ,",,,
red_mug;18804,red_mug,18804,"""",""" ","""18804"" ","18804,",",","18804:""red_mug"" ,",,,
tennis_ball_can;18798,tennis_ball_can,18798,"""",""" ","""18798"" ","18798,",",","18798:""tennis_ball_can"" ,",,,
9099KCAB;18740,9099KCAB,18740,"""",""" ","""18740"" ","18740,",",","18740:""9099KCAB"" ,",,,
GC180AW;18741,GC180AW,18741,"""",""" ","""18741"" ","18741,",",","18741:""GC180AW"" ,",,,
tilex_spray;18751,tilex_spray,18751,"""",""" ","""18751"" ","18751,",",","18751:""tilex_spray"" ,",,,
Atlantis;18743,Atlantis,18743,"""",""" ","""18743"" ","18743,",",","18743:""Atlantis"" ,",,,
fructis_shampoo_bottle;18745,fructis_shampoo_bottle,18745,"""",""" ","""18745"" ","18745,",",","18745:""fructis_shampoo_bottle"" ,",,,
Tide;18757,Tide,18757,"""",""" ","""18757"" ","18757,",",","18757:""Tide"" ,",,,
Pantene;18752,Pantene,18752,"""",""" ","""18752"" ","18752,",",","18752:""Pantene"" ,",,,
Arm & Hammer;18756,Arm & Hammer,18756,"""",""" ","""18756"" ","18756,",",","18756:""Arm & Hammer"" ,",,,
Mop&Glo;18755,Mop&Glo,18755,"""",""" ","""18755"" ","18755,",",","18755:""Mop&Glo"" ,",,,
clorox;18759,clorox,18759,"""",""" ","""18759"" ","18759,",",","18759:""clorox"" ,",,,
all;18760,all,18760,"""",""" ","""18760"" ","18760,",",","18760:""all"" ,",,,
CR-6000;18754,CR-6000,18754,"""",""" ","""18754"" ","18754,",",","18754:""CR-6000"" ,",,,
OB36/OB03;18761,OB36/OB03,18761,"""",""" ","""18761"" ","18761,",",","18761:""OB36/OB03"" ,",,,
megabloks1x3_tall_yellow;18772,megabloks1x3_tall_yellow,18772,"""",""" ","""18772"" ","18772,",",","18772:""megabloks1x3_tall_yellow"" ,",,,
megabloks1x4_short_blue;18773,megabloks1x4_short_blue,18773,"""",""" ","""18773"" ","18773,",",","18773:""megabloks1x4_short_blue"" ,",,,
kleenex_box;18782,kleenex_box,18782,"""",""" ","""18782"" ","18782,",",","18782:""kleenex_box"" ,",,,
megabloks1x4_tall_red;18774,megabloks1x4_tall_red,18774,"""",""" ","""18774"" ","18774,",",","18774:""megabloks1x4_tall_red"" ,",,,
Downy ultra;18758,Downy ultra,18758,"""",""" ","""18758"" ","18758,",",","18758:""Downy ultra"" ,",,,
megabloks2x2_tall_blue;18775,megabloks2x2_tall_blue,18775,"""",""" ","""18775"" ","18775,",",","18775:""megabloks2x2_tall_blue"" ,",,,
simple_green;18794,simple_green,18794,"""",""" ","""18794"" ","18794,",",","18794:""simple_green"" ,",,,
megabloks2x4_yellow;18776,megabloks2x4_yellow,18776,"""",""" ","""18776"" ","18776,",",","18776:""megabloks2x4_yellow"" ,",,,
sterile_pads;18790,sterile_pads,18790,"""",""" ","""18790"" ","18790,",",","18790:""sterile_pads"" ,",,,
megabloks_single_yellow;18777,megabloks_single_yellow,18777,"""",""" ","""18777"" ","18777,",",","18777:""megabloks_single_yellow"" ,",,,
Pledge;18753,Pledge,18753,"""",""" ","""18753"" ","18753,",",","18753:""Pledge"" ,",,,
milk-1gal;18762,milk-1gal,18762,"""",""" ","""18762"" ","18762,",",","18762:""milk-1gal"" ,",,,
orange_juice;18763,orange_juice,18763,"""",""" ","""18763"" ","18763,",",","18763:""orange_juice"" ,",,,
All-small;18764,All-small,18764,"""",""" ","""18764"" ","18764,",",","18764:""All-small"" ,",,,
900.444.86cup;18720,900.444.86cup,18720,"""",""" ","""18720"" ","18720,",",","18720:""900.444.86cup"" ,",,,
901.163.79;18721,901.163.79,18721,"""",""" ","""18721"" ","18721,",",","18721:""901.163.79"" ,",,,
200.03.1152;18723,200.03.1152,18723,"""",""" ","""18723"" ","18723,",",","18723:""200.03.1152"" ,",,,
200.01.3598;18725,200.01.3598,18725,"""",""" ","""18725"" ","18725,",",","18725:""200.01.3598"" ,",,,
200.01.3345;18726,200.01.3345,18726,"""",""" ","""18726"" ","18726,",",","18726:""200.01.3345"" ,",,,
200.01.3346;18727,200.01.3346,18727,"""",""" ","""18727"" ","18727,",",","18727:""200.01.3346"" ,",,,
200.01.3477;18728,200.01.3477,18728,"""",""" ","""18728"" ","18728,",",","18728:""200.01.3477"" ,",,,
200.01.0773;18729,200.01.0773,18729,"""",""" ","""18729"" ","18729,",",","18729:""200.01.0773"" ,",,,
200.01.0169;18730,200.01.0169,18730,"""",""" ","""18730"" ","18730,",",","18730:""200.01.0169"" ,",,,
200.01.0422;18731,200.01.0422,18731,"""",""" ","""18731"" ","18731,",",","18731:""200.01.0422"" ,",,,
200.01.4266;18732,200.01.4266,18732,"""",""" ","""18732"" ","18732,",",","18732:""200.01.4266"" ,",,,
200.01.0271;18733,200.01.0271,18733,"""",""" ","""18733"" ","18733,",",","18733:""200.01.0271"" ,",,,
200.01.3463;18734,200.01.3463,18734,"""",""" ","""18734"" ","18734,",",","18734:""200.01.3463"" ,",,,
200.01.0426-green-large;18736,200.01.0426-green-large,18736,"""",""" ","""18736"" ","18736,",",","18736:""200.01.0426-green-large"" ,",,,
200.01.0426-orange-med;18737,200.01.0426-orange-med,18737,"""",""" ","""18737"" ","18737,",",","18737:""200.01.0426-orange-med"" ,",,,
200.01.0426-blue-small;18738,200.01.0426-blue-small,18738,"""",""" ","""18738"" ","18738,",",","18738:""200.01.0426-blue-small"" ,",,,
solo_plastic_bowl;18747,solo_plastic_bowl,18747,"""",""" ","""18747"" ","18747,",",","18747:""solo_plastic_bowl"" ,",,,
solo_plastic_cup;18748,solo_plastic_cup,18748,"""",""" ","""18748"" ","18748,",",","18748:""solo_plastic_cup"" ,",,,
big_plate;18973,big_plate,18973,"""",""" ","""18973"" ","18973,",",","18973:""big_plate"" ,",,,
dixie_paper_bowl;18749,dixie_paper_bowl,18749,"""",""" ","""18749"" ","18749,",",","18749:""dixie_paper_bowl"" ,",,,
milk-carton;18768,milk-carton,18768,"""",""" ","""18768"" ","18768,",",","18768:""milk-carton"" ,",,,
megabloks1x2_countour_yellow;18769,megabloks1x2_countour_yellow,18769,"""",""" ","""18769"" ","18769,",",","18769:""megabloks1x2_countour_yellow"" ,",,,
megabloks2x2_short_red;18778,megabloks2x2_short_red,18778,"""",""" ","""18778"" ","18778,",",","18778:""megabloks2x2_short_red"" ,",,,
megabloks1x2_short_yellow;18770,megabloks1x2_short_yellow,18770,"""",""" ","""18770"" ","18770,",",","18770:""megabloks1x2_short_yellow"" ,",,,
megabloks1x2_tall_green;18771,megabloks1x2_tall_green,18771,"""",""" ","""18771"" ","18771,",",","18771:""megabloks1x2_tall_green"" ,",,,
Oatmeal_crisp;18780,Oatmeal_crisp,18780,"""",""" ","""18780"" ","18780,",",","18780:""Oatmeal_crisp"" ,",,,
shredded_wheat;18781,shredded_wheat,18781,"""",""" ","""18781"" ","18781,",",","18781:""shredded_wheat"" ,",,,
power_scissors;18795,power_scissors,18795,"""",""" ","""18795"" ","18795,",",","18795:""power_scissors"" ,",,,
organic chai;18806,organic chai,18806,"""",""" ","""18806"" ","18806,",",","18806:""organic chai"" ,",,,
Dove_bar;18801,Dove_bar,18801,"""",""" ","""18801"" ","18801,",",","18801:""Dove_bar"" ,",,,
hydrogen_peroxide_bottle;18802,hydrogen_peroxide_bottle,18802,"""",""" ","""18802"" ","18802,",",","18802:""hydrogen_peroxide_bottle"" ,",,,
000.921.13;18666,000.921.13,18666,"""",""" ","""18666"" ","18666,",",","18666:""000.921.13"" ,",,,
001.172.98;18667,001.172.98,18667,"""",""" ","""18667"" ","18667,",",","18667:""001.172.98"" ,",,,
001.327.79;18668,001.327.79,18668,"""",""" ","""18668"" ","18668,",",","18668:""001.327.79"" ,",,,
100.572.51;18669,100.572.51,18669,"""",""" ","""18669"" ","18669,",",","18669:""100.572.51"" ,",,,
200.580.66;18670,200.580.66,18670,"""",""" ","""18670"" ","18670,",",","18670:""200.580.66"" ,",,,
200.919.28;18671,200.919.28,18671,"""",""" ","""18671"" ","18671,",",","18671:""200.919.28"" ,",,,
210.327.78;18672,210.327.78,18672,"""",""" ","""18672"" ","18672,",",","18672:""210.327.78"" ,",,,
300.814.67;18673,300.814.67,18673,"""",""" ","""18673"" ","18673,",",","18673:""300.814.67"" ,",,,
300.919.23;18674,300.919.23,18674,"""",""" ","""18674"" ","18674,",",","18674:""300.919.23"" ,",,,
301.334.90;18675,301.334.90,18675,"""",""" ","""18675"" ","18675,",",","18675:""301.334.90"" ,",,,
400.580.65;18676,400.580.65,18676,"""",""" ","""18676"" ","18676,",",","18676:""400.580.65"" ,",,,
401.376.90;18677,401.376.90,18677,"""",""" ","""18677"" ","18677,",",","18677:""401.376.90"" ,",,,
401.431.44;18678,401.431.44,18678,"""",""" ","""18678"" ","18678,",",","18678:""401.431.44"" ,",,,
463.156.00;18679,463.156.00,18679,"""",""" ","""18679"" ","18679,",",","18679:""463.156.00"" ,",,,
500.151.22;18680,500.151.22,18680,"""",""" ","""18680"" ","18680,",",","18680:""500.151.22"" ,",,,
500.302.12;18681,500.302.12,18681,"""",""" ","""18681"" ","18681,",",","18681:""500.302.12"" ,",,,
500.312.83;18682,500.312.83,18682,"""",""" ","""18682"" ","18682,",",","18682:""500.312.83"" ,",,,
500.919.41;18683,500.919.41,18683,"""",""" ","""18683"" ","18683,",",","18683:""500.919.41"" ,",,,
501.245.12;18685,501.245.12,18685,"""",""" ","""18685"" ","18685,",",","18685:""501.245.12"" ,",,,
501.330.69;18686,501.330.69,18686,"""",""" ","""18686"" ","18686,",",","18686:""501.330.69"" ,",,,
601.349.35;18687,601.349.35,18687,"""",""" ","""18687"" ","18687,",",","18687:""601.349.35"" ,",,,
700.302.11;18688,700.302.11,18688,"""",""" ","""18688"" ","18688,",",","18688:""700.302.11"" ,",,,
701.330.68;18689,701.330.68,18689,"""",""" ","""18689"" ","18689,",",","18689:""701.330.68"" ,",,,
763.305.00;18690,763.305.00,18690,"""",""" ","""18690"" ","18690,",",","18690:""763.305.00"" ,",,,
800.919.49;18692,800.919.49,18692,"""",""" ","""18692"" ","18692,",",","18692:""800.919.49"" ,",,,
801.327.80;18693,801.327.80,18693,"""",""" ","""18693"" ","18693,",",","18693:""801.327.80"" ,",,,
801.348.21;18695,801.348.21,18695,"""",""" ","""18695"" ","18695,",",","18695:""801.348.21"" ,",,,
801.463.53;18696,801.463.53,18696,"""",""" ","""18696"" ","18696,",",","18696:""801.463.53"" ,",,,
901.256.99;18697,901.256.99,18697,"""",""" ","""18697"" ","18697,",",","18697:""901.256.99"" ,",,,
901.317.04;18698,901.317.04,18698,"""",""" ","""18698"" ","18698,",",","18698:""901.317.04"" ,",,,
963.111.00;18700,963.111.00,18700,"""",""" ","""18700"" ","18700,",",","18700:""963.111.00"" ,",,,
VF_papaer_bowl;18750,VF_papaer_bowl,18750,"""",""" ","""18750"" ","18750,",",","18750:""VF_papaer_bowl"" ,",,,
Country_Crock15;18767,Country_Crock15,18767,"""",""" ","""18767"" ","18767,",",","18767:""Country_Crock15"" ,",,,
242.07.6610;18784,242.07.6610,18784,"""",""" ","""18784"" ","18784,",",","18784:""242.07.6610"" ,",,,
242.07.6602;18785,242.07.6602,18785,"""",""" ","""18785"" ","18785,",",","18785:""242.07.6602"" ,",,,
travel_mug;18792,travel_mug,18792,"""",""" ","""18792"" ","18792,",",","18792:""travel_mug"" ,",,,
mach3_gel;18746,mach3_gel,18746,"""",""" ","""18746"" ","18746,",",","18746:""mach3_gel"" ,",,,
odwalla_bottle;18779,odwalla_bottle,18779,"""",""" ","""18779"" ","18779,",",","18779:""odwalla_bottle"" ,",,,
coffee-mate;18765,coffee-mate,18765,"""",""" ","""18765"" ","18765,",",","18765:""coffee-mate"" ,",,,
suave-kids-3in1;18766,suave-kids-3in1,18766,"""",""" ","""18766"" ","18766,",",","18766:""suave-kids-3in1"" ,",,,
izze_can;18783,izze_can,18783,"""",""" ","""18783"" ","18783,",",","18783:""izze_can"" ,",,,
v8_bottle;18791,v8_bottle,18791,"""",""" ","""18791"" ","18791,",",","18791:""v8_bottle"" ,",,,
Chaibaby_tea;18796,Chaibaby_tea,18796,"""",""" ","""18796"" ","18796,",",","18796:""Chaibaby_tea"" ,",,,
rishi_tea_jas;18797,rishi_tea_jas,18797,"""",""" ","""18797"" ","18797,",",","18797:""rishi_tea_jas"" ,",,,
Clearasil_jar;18799,Clearasil_jar,18799,"""",""" ","""18799"" ","18799,",",","18799:""Clearasil_jar"" ,",,,
contact lens cleaner;18800,contact lens cleaner,18800,"""",""" ","""18800"" ","18800,",",","18800:""contact lens cleaner"" ,",,,
campbell_soup_can;18807,campbell_soup_can,18807,"""",""" ","""18807"" ","18807,",",","18807:""campbell_soup_can"" ,",,,
campbell_soup_handheld;18808,campbell_soup_handheld,18808,"""",""" ","""18808"" ","18808,",",","18808:""campbell_soup_handheld"" ,",,,
cylinder_radius_0.02785_height_0.315;18809,cylinder_radius_0.02785_height_0.315,18809,"""",""" ","""18809"" ","18809,",",","18809:""cylinder_radius_0.02785_height_0.315"" ,",,,
000.919.29;18635,000.919.29,18635,"""",""" ","""18635"" ","18635,",",","18635:""000.919.29"" ,",,,
301.290.30;18657,301.290.30,18657,"""",""" ","""18657"" ","18657,",",","18657:""301.290.30"" ,",,,
000.580.67;18665,000.580.67,18665,"""",""" ","""18665"" ","18665,",",","18665:""000.580.67"" ,",,,
501.161.83;18684,501.161.83,18684,"""",""" ","""18684"" ","18684,",",","18684:""501.161.83"" ,",,,
800.572.57;18691,800.572.57,18691,"""",""" ","""18691"" ","18691,",",","18691:""800.572.57"" ,",,,
901.334.73;18699,901.334.73,18699,"""",""" ","""18699"" ","18699,",",","18699:""901.334.73"" ,",,,
900.444.86saucer;18719,900.444.86saucer,18719,"""",""" ","""18719"" ","18719,",",","18719:""900.444.86saucer"" ,",,,
200.03.1301;18724,200.03.1301,18724,"""",""" ","""18724"" ","18724,",",","18724:""200.03.1301"" ,",,,
242.09.6219-glass;18788,242.09.6219-glass,18788,"""",""" ","""18788"" ","18788,",",","18788:""242.09.6219-glass"" ,",,,
book;18812,book,18812,"""",""" ","""18812"" ","18812,",",","18812:""book"" ,",,,
cell_phone;18813,cell_phone,18813,"""",""" ","""18813"" ","18813,",",","18813:""cell_phone"" ,",,,
cordless_phone;18814,cordless_phone,18814,"""",""" ","""18814"" ","18814,",",","18814:""cordless_phone"" ,",,,
fork;18815,fork,18815,"""",""" ","""18815"" ","18815,",",","18815:""fork"" ,",,,
eyeglasses;18816,eyeglasses,18816,"""",""" ","""18816"" ","18816,",",","18816:""eyeglasses"" ,",,,
lighter;18817,lighter,18817,"""",""" ","""18817"" ","18817,",",","18817:""lighter"" ,",,,
medicine_pill;18818,medicine_pill,18818,"""",""" ","""18818"" ","18818,",",","18818:""medicine_pill"" ,",,,
mug;18819,mug,18819,"""",""" ","""18819"" ","18819,",",","18819:""mug"" ,",,,
pen;18820,pen,18820,"""",""" ","""18820"" ","18820,",",","18820:""pen"" ,",,,
prescription_bottle;18821,prescription_bottle,18821,"""",""" ","""18821"" ","18821,",",","18821:""prescription_bottle"" ,",,,
soap;18822,soap,18822,"""",""" ","""18822"" ","18822,",",","18822:""soap"" ,",,,
spoon;18823,spoon,18823,"""",""" ","""18823"" ","18823,",",","18823:""spoon"" ,",,,
straw;18824,straw,18824,"""",""" ","""18824"" ","18824,",",","18824:""straw"" ,",,,
toothbrush;18825,toothbrush,18825,"""",""" ","""18825"" ","18825,",",","18825:""toothbrush"" ,",,,
toothpaste;18826,toothpaste,18826,"""",""" ","""18826"" ","18826,",",","18826:""toothpaste"" ,",,,
tv_remote;18827,tv_remote,18827,"""",""" ","""18827"" ","18827,",",","18827:""tv_remote"" ,",,,
walking_cane;18828,walking_cane,18828,"""",""" ","""18828"" ","18828,",",","18828:""walking_cane"" ,",,,
wallet;18829,wallet,18829,"""",""" ","""18829"" ","18829,",",","18829:""wallet"" ,",,,
wrist_watch;18830,wrist_watch,18830,"""",""" ","""18830"" ","18830,",",","18830:""wrist_watch"" ,",,,
801.334.78;18694,801.334.78,18694,"""",""" ","""18694"" ","18694,",",","18694:""801.334.78"" ,",,,
901.125.07;18722,901.125.07,18722,"""",""" ","""18722"" ","18722,",",","18722:""901.125.07"" ,",,,
sports water bottle;18633,sports water bottle,18633,"""",""" ","""18633"" ","18633,",",","18633:""sports water bottle"" ,",,,
Coke_classic;18744,Coke_classic,18744,"""",""" ","""18744"" ","18744,",",","18744:""Coke_classic"" ,",,,
plate;18832,plate,18832,"""",""" ","""18832"" ","18832,",",","18832:""plate"" ,",,,
Amys bowls country cheddar;18928,Amys bowls country cheddar,18928,"""",""" ","""18928"" ","18928,",",","18928:""Amys bowls country cheddar"" ,",,,
face mug someother;18932,face mug someother,18932,"""",""" ","""18932"" ","18932,",",","18932:""face mug someother"" ,",,,
hotel card;18934,hotel card,18934,"""",""" ","""18934"" ","18934,",",","18934:""hotel card"" ,",,,
little_bowl;18974,little_bowl,18974,"""",""" ","""18974"" ","18974,",",","18974:""little_bowl"" ,",,,
Mop and Glo;18936,Mop and Glo,18936,"""",""" ","""18936"" ","18936,",",","18936:""Mop and Glo"" ,",,,
Nantucket Watermelon Strawberry;18937,Nantucket Watermelon Strawberry,18937,"""",""" ","""18937"" ","18937,",",","18937:""Nantucket Watermelon Strawberry"" ,",,,
Nature's Path Organic Peanut Butter Granola;18938,Nature's Path Organic Peanut Butter Granola,18938,"""",""" ","""18938"" ","18938,",",","18938:""Nature's Path Organic Peanut Butter Granola"" ,",,,
Oi Ocha;18939,Oi Ocha,18939,"""",""" ","""18939"" ","18939,",",","18939:""Oi Ocha"" ,",,,
Remote Control;18940,Remote Control,18940,"""",""" ","""18940"" ","18940,",",","18940:""Remote Control"" ,",,,
ROS PHD Comic;18943,ROS PHD Comic,18943,"""",""" ","""18943"" ","18943,",",","18943:""ROS PHD Comic"" ,",,,
soup spaghettio;18944,soup spaghettio,18944,"""",""" ","""18944"" ","18944,",",","18944:""soup spaghettio"" ,",,,
sphaghetti;18945,sphaghetti,18945,"""",""" ","""18945"" ","18945,",",","18945:""sphaghetti"" ,",,,
Tecate;18946,Tecate,18946,"""",""" ","""18946"" ","18946,",",","18946:""Tecate"" ,",,,
Trader Joe's Paneer Tikka Masala;18948,Trader Joe's Paneer Tikka Masala,18948,"""",""" ","""18948"" ","18948,",",","18948:""Trader Joe's Paneer Tikka Masala"" ,",,,
sour cream;18951,sour cream,18951,"""",""" ","""18951"" ","18951,",",","18951:""sour cream"" ,",,,
small cup;18952,small cup,18952,"""",""" ","""18952"" ","18952,",",","18952:""small cup"" ,",,,
tall glass;18953,tall glass,18953,"""",""" ","""18953"" ","18953,",",","18953:""tall glass"" ,",,,
boss bottle;18954,boss bottle,18954,"""",""" ","""18954"" ","18954,",",","18954:""boss bottle"" ,",,,
valentino ball;18955,valentino ball,18955,"""",""" ","""18955"" ","18955,",",","18955:""valentino ball"" ,",,,
wine glass;18956,wine glass,18956,"""",""" ","""18956"" ","18956,",",","18956:""wine glass"" ,",,,
boss box;18957,boss box,18957,"""",""" ","""18957"" ","18957,",",","18957:""boss box"" ,",,,
yellow cup;18958,yellow cup,18958,"""",""" ","""18958"" ","18958,",",","18958:""yellow cup"" ,",,,
small glass;18959,small glass,18959,"""",""" ","""18959"" ","18959,",",","18959:""small glass"" ,",,,
curved bottle;18960,curved bottle,18960,"""",""" ","""18960"" ","18960,",",","18960:""curved bottle"" ,",,,
small mug;18961,small mug,18961,"""",""" ","""18961"" ","18961,",",","18961:""small mug"" ,",,,
glass bowl;18962,glass bowl,18962,"""",""" ","""18962"" ","18962,",",","18962:""glass bowl"" ,",,,
ziplock;18949,ziplock,18949,"""",""" ","""18949"" ","18949,",",","18949:""ziplock"" ,",,,
Eggo;18931,Eggo,18931,"""",""" ","""18931"" ","18931,",",","18931:""Eggo"" ,",,,
Egg Carton;18930,Egg Carton,18930,"""",""" ","""18930"" ","18930,",",","18930:""Egg Carton"" ,",,,
Robot Cards;18941,Robot Cards,18941,"""",""" ","""18941"" ","18941,",",","18941:""Robot Cards"" ,",,,
Robot Power;18942,Robot Power,18942,"""",""" ","""18942"" ","18942,",",","18942:""Robot Power"" ,",,,
Honey Bunches;18933,Honey Bunches,18933,"""",""" ","""18933"" ","18933,",",","18933:""Honey Bunches"" ,",,,
Clorox;18929,Clorox,18929,"""",""" ","""18929"" ","18929,",",","18929:""Clorox"" ,",,,
Mini Mouse Bank;18935,Mini Mouse Bank,18935,"""",""" ","""18935"" ","18935,",",","18935:""Mini Mouse Bank"" ,",,,
Tide 2x;18947,Tide 2x,18947,"""",""" ","""18947"" ","18947,",",","18947:""Tide 2x"" ,",,,
arm and hammer;18963,arm and hammer,18963,"""",""" ","""18963"" ","18963,",",","18963:""arm and hammer"" ,",,,
black pepper;18964,black pepper,18964,"""",""" ","""18964"" ","18964,",",","18964:""black pepper"" ,",,,
french's mustard;18965,french's mustard,18965,"""",""" ","""18965"" ","18965,",",","18965:""french's mustard"" ,",,,
pledge;18966,pledge,18966,"""",""" ","""18966"" ","18966,",",","18966:""pledge"" ,",,,
woolite;18967,woolite,18967,"""",""" ","""18967"" ","18967,",",","18967:""woolite"" ,",,,
Bon Ami;18968,Bon Ami,18968,"""",""" ","""18968"" ","18968,",",","18968:""Bon Ami"" ,",,,
Pam;18969,Pam,18969,"""",""" ","""18969"" ","18969,",",","18969:""Pam"" ,",,,
Kona Coffee Can;18970,Kona Coffee Can,18970,"""",""" ","""18970"" ","18970,",",","18970:""Kona Coffee Can"" ,",,,
big_bowl;18972,big_bowl,18972,"""",""" ","""18972"" ","18972,",",","18972:""big_bowl"" ,",,,
little_sushi_bowl;18975,little_sushi_bowl,18975,"""",""" ","""18975"" ","18975,",",","18975:""little_sushi_bowl"" ,",,,
big_sushi_bowl;18976,big_sushi_bowl,18976,"""",""" ","""18976"" ","18976,",",","18976:""big_sushi_bowl"" ,",,,
little_sushi_cup;18977,little_sushi_cup,18977,"""",""" ","""18977"" ","18977,",",","18977:""little_sushi_cup"" ,",,,
big_sushi_cup;18978,big_sushi_cup,18978,"""",""" ","""18978"" ","18978,",",","18978:""big_sushi_cup"" ,",,,
little_sushi_plate;18979,little_sushi_plate,18979,"""",""" ","""18979"" ","18979,",",","18979:""little_sushi_plate"" ,",,,
big_sushi_plate;18980,big_sushi_plate,18980,"""",""" ","""18980"" ","18980,",",","18980:""big_sushi_plate"" ,",,,
,,,,,"""18742"" ""18805"" ""18803"" ""18637"" ""18638"" ""18640"" ""18641"" ""18642"" ""18644"" ""18645"" ""18646"" ""18647"" ""18648"" ""18649"" ""18650"" ""18652"" ""18654"" ""18655"" ""18656"" ""18658"" ""18659"" ""18660"" ""18661"" ""18662"" ""18663"" ""18664"" ""18701"" ""18702"" ""18703"" ""18704"" ""18705"" ""18706"" ""18707"" ""18708"" ""18709"" ""18710"" ""18711"" ""18712"" ""18713"" ""18714"" ""18715"" ""18716"" ""18717"" ""18718"" ""18735"" ""18739"" ""18786"" ""18787"" ""18789"" ""18793"" ""18804"" ""18798"" ""18740"" ""18741"" ""18751"" ""18743"" ""18745"" ""18757"" ""18752"" ""18756"" ""18755"" ""18759"" ""18760"" ""18754"" ""18761"" ""18772"" ""18773"" ""18782"" ""18774"" ""18758"" ""18775"" ""18794"" ""18776"" ""18790"" ""18777"" ""18753"" ""18762"" ""18763"" ""18764"" ""18720"" ""18721"" ""18723"" ""18725"" ""18726"" ""18727"" ""18728"" ""18729"" ""18730"" ""18731"" ""18732"" ""18733"" ""18734"" ""18736"" ""18737"" ""18738"" ""18747"" ""18748"" ""18973"" ""18749"" ""18768"" ""18769"" ""18778"" ""18770"" ""18771"" ""18780"" ""18781"" ""18795"" ""18806"" ""18801"" ""18802"" ""18666"" ""18667"" ""18668"" ""18669"" ""18670"" ""18671"" ""18672"" ""18673"" ""18674"" ""18675"" ""18676"" ""18677"" ""18678"" ""18679"" ""18680"" ""18681"" ""18682"" ""18683"" ""18685"" ""18686"" ""18687"" ""18688"" ""18689"" ""18690"" ""18692"" ""18693"" ""18695"" ""18696"" ""18697"" ""18698"" ""18700"" ""18750"" ""18767"" ""18784"" ""18785"" ""18792"" ""18746"" ""18779"" ""18765"" ""18766"" ""18783"" ""18791"" ""18796"" ""18797"" ""18799"" ""18800"" ""18807"" ""18808"" ""18809"" ""18635"" ""18657"" ""18665"" ""18684"" ""18691"" ""18699"" ""18719"" ""18724"" ""18788"" ""18812"" ""18813"" ""18814"" ""18815"" ""18816"" ""18817"" ""18818"" ""18819"" ""18820"" ""18821"" ""18822"" ""18823"" ""18824"" ""18825"" ""18826"" ""18827"" ""18828"" ""18829"" ""18830"" ""18694"" ""18722"" ""18633"" ""18744"" ""18832"" ""18928"" ""18932"" ""18934"" ""18974"" ""18936"" ""18937"" ""18938"" ""18939"" ""18940"" ""18943"" ""18944"" ""18945"" ""18946"" ""18948"" ""18951"" ""18952"" ""18953"" ""18954"" ""18955"" ""18956"" ""18957"" ""18958"" ""18959"" ""18960"" ""18961"" ""18962"" ""18949"" ""18931"" ""18930"" ""18941"" ""18942"" ""18933"" ""18929"" ""18935"" ""18947"" ""18963"" ""18964"" ""18965"" ""18966"" ""18967"" ""18968"" ""18969"" ""18970"" ""18972"" ""18975"" ""18976"" ""18977"" ""18978"" ""18979"" ""18980"" ",,,,,,
,,,,,rosservice call /objects_database_node/get_model_mesh 18742 >> 085.06.0082.txt,,,,,,
,,,,,,,,,,,
,,,,,"for cmd in ""18742"" ""18805"" ""18803"" ""18637"" ""18638"" ""18640"" ""18641"" ""18642"" ""18644"" ""18645"" ""18646"" ""18647"" ""18648"" ""18649"" ""18650"" ""18652"" ""18654"" ""18655"" ""18656"" ""18658"" ""18659"" ""18660"" ""18661"" ""18662"" ""18663"" ""18664"" ""18701"" ""18702"" ""18703"" ""18704"" ""18705"" ""18706"" ""18707"" ""18708"" ""18709"" ""18710"" ""18711"" ""18712"" ""18713"" ""18714"" ""18715"" ""18716"" ""18717"" ""18718"" ""18735"" ""18739"" ""18786"" ""18787"" ""18789"" ""18793"" ""18804"" ""18798"" ""18740"" ""18741"" ""18751"" ""18743"" ""18745"" ""18757"" ""18752"" ""18756"" ""18755"" ""18759"" ""18760"" ""18754"" ""18761"" ""18772"" ""18773"" ""18782"" ""18774"" ""18758"" ""18775"" ""18794"" ""18776"" ""18790"" ""18777"" ""18753"" ""18762"" ""18763"" ""18764"" ""18720"" ""18721"" ""18723"" ""18725"" ""18726"" ""18727"" ""18728"" ""18729"" ""18730"" ""18731"" ""18732"" ""18733"" ""18734"" ""18736"" ""18737"" ""18738"" ""18747"" ""18748"" ""18973"" ""18749"" ""18768"" ""18769"" ""18778"" ""18770"" ""18771"" ""18780"" ""18781"" ""18795"" ""18806"" ""18801"" ""18802"" ""18666"" ""18667"" ""18668"" ""18669"" ""18670"" ""18671"" ""18672"" ""18673"" ""18674"" ""18675"" ""18676"" ""18677"" ""18678"" ""18679"" ""18680"" ""18681"" ""18682"" ""18683"" ""18685"" ""18686"" ""18687"" ""18688"" ""18689"" ""18690"" ""18692"" ""18693"" ""18695"" ""18696"" ""18697"" ""18698"" ""18700"" ""18750"" ""18767"" ""18784"" ""18785"" ""18792"" ""18746"" ""18779"" ""18765"" ""18766"" ""18783"" ""18791"" ""18796"" ""18797"" ""18799"" ""18800"" ""18807"" ""18808"" ""18809"" ""18635"" ""18657"" ""18665"" ""18684"" ""18691"" ""18699"" ""18719"" ""18724"" ""18788"" ""18812"" ""18813"" ""18814"" ""18815"" ""18816"" ""18817"" ""18818"" ""18819"" ""18820"" ""18821"" ""18822"" ""18823"" ""18824"" ""18825"" ""18826"" ""18827"" ""18828"" ""18829"" ""18830"" ""18694"" ""18722"" ""18633"" ""18744"" ""18832"" ""18928"" ""18932"" ""18934"" ""18974"" ""18936"" ""18937"" ""18938"" ""18939"" ""18940"" ""18943"" ""18944"" ""18945"" ""18946"" ""18948"" ""18951"" ""18952"" ""18953"" ""18954"" ""18955"" ""18956"" ""18957"" ""18958"" ""18959"" ""18960"" ""18961"" ""18962"" ""18949"" ""18931"" ""18930"" ""18941"" ""18942"" ""18933"" ""18929"" ""18935"" ""18947"" ""18963"" ""18964"" ""18965"" ""18966"" ""18967"" ""18968"" ""18969"" ""18970"" ""18972"" ""18975"" ""18976"" ""18977"" ""18978"" ""18979"" ""18980""  do rosservice call /objects_database_node/get_model_mesh $cmd >> $cmd.txt; done",,,,,,